--- ENGAGEMENT STATUS REPORT ---,,,,,
Client:,,Reporting Period:,,(e.g. 2026-04-07 to 2026-04-11),
Consultant:,,Report Number:,,1,
Phase:,,Overall Status:,,(Green / Amber / Red),
,,,,,,
--- SECTION 1: OVERALL STATUS SUMMARY ---,,,,,
Status Indicator,Area,Current Status (Green / Amber / Red),Last Week Status,Change,Comment
,,Schedule,,Green,,
,,Budget,,Green,,
,,Scope,,Green,,
,,Client Engagement,,Green,,
,,Technical Progress,,Green,,
,,Blockers,,Green,,
,,,,,,
--- SECTION 2: PROGRESS THIS WEEK ---,,,,,
Task ID,Task Name,Phase,Planned,Actual,Status (Complete / In Progress / Not Started / Blocked)
,,,,,,
,,,,,,
,,,,,,
--- SECTION 3: PLANNED NEXT WEEK ---,,,,,
Task ID,Task Name,Phase,Planned Start,Planned End,Owner
,,,,,,
,,,,,,
,,,,,,
--- SECTION 4: BLOCKERS AND RISKS ---,,,,,
Blocker / Risk ID,Description,Impact,Owner,Required Action,Target Resolution Date
,,,,,,
,,,,,,
--- SECTION 5: DECISIONS REQUIRED ---,,,,,
Decision ID,Description,Options,Recommendation,Decision Owner,Required By Date
,,,,,,
,,,,,,
--- SECTION 6: CHANGE REQUESTS ---,,,,,
CR ID,Description,Status,Commercial Impact,Decision Required By,Notes
,,,,,,
,,,,,,
--- SECTION 7: MILESTONES ---,,,,,
Milestone,Planned Date,Forecast Date,Status (On Track / At Risk / Delayed / Complete),Notes,
Phase 1 sign-off,,,,,
Phase 2 deployment complete,,,,,
MFA go-live,,,,,
UAT sign-off,,,,,
Go-live,,,,,
Hypercare end,,,,,
Project closure,,,,,
,,,,,,
--- SECTION 8: METRICS ---,,,,,
Metric,Target,Current,Trend (Up / Down / Stable),Notes,
Targets onboarded,,,,,
Users with MFA active,,,,,
Open blockers,,,,,
Open change requests,,,,,
Test cases passed / total,,,,,
Days to go-live,,,,,
